object,is_apollo,north,east,us_category,country,launch_year,by_year,by_country,id
Chang’e 1 Orbiter,FALSE,-1.5,52.36,,China,2007,1,1,1
Chang'e 4,FALSE,-45.457,177.589,,China,2019,NA,NA,2
SMART-1 (controlled crash),FALSE,-34.4,-46.2,,ESA,2006,1,1,3
Chandrayaan-1 Lunar Orbiter,FALSE,South Pole,,,India,2008,1,1,4
Moon Impact Probe,FALSE,South Pole,,,India,2008,2,2,5
Hiten spacecraft,FALSE,55.3,-34,,Japan,1990,1,1,6
Hagoromo orbiter satellite,FALSE,Crash not confirmed,,,Japan,1990,2,2,7
Kaguya orbiter (SELENE),FALSE,-65.5,80.4,,Japan,2007,2,3,8
"VRAD Subsatellite (""Ouna"")",FALSE,,,,Japan,2007,3,4,9
"Relay Subsatellite (""Okina"")",FALSE,,,,Japan,2007,4,5,10
Luna 2,FALSE,29.1,0,,Soviet,1959,1,1,11
Luna 5,FALSE,8,-23,,Soviet,1965,3,2,12
Luna 7,FALSE,9.8,-47.8,,Soviet,1965,4,3,13
Luna 8,FALSE,9.1,-63.3,,Soviet,1965,5,4,14
Luna 9,FALSE,7.08,-64.37,,Soviet,1966,5,5,15
Luna 10,FALSE,,,,Soviet,1966,6,6,16
Luna 11,FALSE,,,,Soviet,1966,7,7,17
Luna 12,FALSE,,,,Soviet,1966,8,8,18
Luna 13,FALSE,18.87,-62.05,,Soviet,1966,9,9,19
Luna 14,FALSE,,,,Soviet,1968,2,10,20
Luna 15,FALSE,,,,Soviet,1969,137,11,21
Luna 16 descent stage,FALSE,-0.513,56.364,,Soviet,1970,2,12,22
Luna 17 Lander,FALSE,38.238,-34.997,,Soviet,1970,3,13,23
Lunokhod 1,FALSE,38.316,-35.004,,Soviet,1970,4,14,24
Luna 18,FALSE,3.76,56.655,,Soviet,1971,263,15,25
Luna 19,FALSE,,,,Soviet,1971,264,16,26
Luna 20 descent stage,FALSE,3.787,56.625,,Soviet,1972,354,17,27
Luna 21 Lander,FALSE,26.003,30.408,,Soviet,1973,2,18,28
Lunokhod 2,FALSE,25.827,30.919,,Soviet,1973,3,19,29
Luna 22,FALSE,,,,Soviet,1974,1,20,30
Luna 23,FALSE,12.666,62.151,,Soviet,1974,2,21,31
Luna 24 descent stage,FALSE,12.714,62.213,,Soviet,1976,1,22,32
Ranger 4,FALSE,-15.5,-130.7,Non-Apollo,US,1962,1,1,33
Ranger 6,FALSE,9.388,21.48,Non-Apollo,US,1964,1,2,34
Ranger 7,FALSE,-10.63,-20.6,Non-Apollo,US,1964,2,3,35
Ranger 8,FALSE,2.638,24.787,Non-Apollo,US,1965,1,4,36
Ranger 9,FALSE,112.828,-2.387,Non-Apollo,US,1965,2,5,37
Surveyor 1,FALSE,-2.474,-43.339,Non-Apollo,US,1966,1,6,38
Lunar Orbiter 1,FALSE,6.7,162,Non-Apollo,US,1966,2,7,39
Surveyor 2,FALSE,5.5,-12,Non-Apollo,US,1966,3,8,40
Lunar Orbiter 2,FALSE,3,119,Non-Apollo,US,1966,4,9,41
Lunar Orbiter 3,FALSE,14.3,-97.7,Non-Apollo,US,1967,1,10,42
Surveyor 3,FALSE,-3.015,-23.418,Non-Apollo,US,1967,2,11,43
Lunar Orbiter 4,FALSE,Crashed,,Non-Apollo,US,1967,3,12,44
Surveyor 4,FALSE,UNKNOWN,,Non-Apollo,US,1967,4,13,45
Explorer 35 (IMP-E),FALSE,UNKNOWN,,Non-Apollo,US,1967,5,14,46
Lunar Orbiter 5,FALSE,-3,-83,Non-Apollo,US,1967,6,15,47
Surveyor 5,FALSE,1.461,23.195,Non-Apollo,US,1967,7,16,48
Surveyor 6,FALSE,0.473,-1.427,Non-Apollo,US,1967,8,17,49
Surveyor 7,FALSE,-40.98,-11.509,Non-Apollo,US,1968,1,18,50
Landing Location,TRUE,0.41,23.26,Apollo 11,US,1969,1,19,51
Passive Seismic Experiment (see below),TRUE,,,Apollo 11,US,1969,2,20,52
Gold Olive Branch,TRUE,,,Apollo 11,US,1969,3,21,53
Flag Kit,TRUE,,,Apollo 11,US,1969,4,22,54
"Apollo 1 Patch(Honoring deceased astronauts Grissom,White, Chaffee)",TRUE,,,Apollo 11,US,1969,5,23,55
"CosmonautMedals(Honoring deceased cosmonauts Gagarin,Komarov)",TRUE,,,Apollo 11,US,1969,6,24,56
Moon Memorial Disc,TRUE,UNKNOWN,,Apollo 11,US,1969,7,25,57
Ascent Stage  ,TRUE,0.67337,23.47293,Apollo 11,US,1969,8,26,58
Lunar Retro-Ranging Reflector Experiment,TRUE,0.67408,23.47297,Apollo 11,US,1969,9,27,59
LM Descent Stage (plaque attached),TRUE,,,Apollo 11,US,1969,10,28,60
"Filter, Polarizing",TRUE,,,Apollo 11,US,1969,11,29,61
Portable Life Sup[p1o]rt System(PLSS),TRUE,,,Apollo 11,US,1969,12,30,62
Remote Control Unit (PISS),TRUE,,,Apollo 11,US,1969,13,31,63
Defecation Collection Device,TRUE,,,Apollo 11,US,1969,14,32,64
"Overshoes , Lunar",TRUE,,,Apollo 11,US,1969,15,33,65
"Covers, pga Gas Connector",TRUE,,,Apollo 11,US,1969,16,34,66
"Kit, Electric waist, Tether ",TRUE,,,Apollo 11,US,1969,17,35,67
"Bag, Assembly, Lunar equipment conveyor & waist tether",TRUE,,,Apollo 11,US,1969,18,36,68
"Conveyor assembly, Lunar Equipment",TRUE,,,Apollo 11,US,1969,19,37,69
"Bag, Deployment, Life Line",TRUE,,,Apollo 11,US,1969,20,38,70
"Bag, Deployment, Lunar equip. conveyor",TRUE,,,Apollo 11,US,1969,21,39,71
"Life Line, lightweight",TRUE,,,Apollo 11,US,1969,22,40,72
"Tether waist, EVA",TRUE,,,Apollo 11,US,1969,23,41,73
"Tether waist, EVA ",TRUE,,,Apollo 11,US,1969,24,42,74
"Food Assembly, LM (4 man days)",TRUE,,,Apollo 11,US,1969,25,43,75
"TV subsystem, Lunar",TRUE,,,Apollo 11,US,1969,26,44,76
"Camera , Lunar TV ",TRUE,,,Apollo 11,US,1969,27,45,77
"Lens, TV wide angle",TRUE,,,Apollo 11,US,1969,28,46,78
"Lens, TV Lunar, day ",TRUE,,,Apollo 11,US,1969,29,47,79
"Cable assembly, TV (100 ft.)",TRUE,,,Apollo 11,US,1969,30,48,80
"Adapter, SRC/OPS  ",TRUE,,,Apollo 11,US,1969,31,49,81
"Cannister, ECS LIOH",TRUE,,,Apollo 11,US,1969,32,50,82
"Urine collection assembly, small",TRUE,,,Apollo 11,US,1969,33,51,83
"Urine collection assembly, large",TRUE,,,Apollo 11,US,1969,34,52,84
"Bag, Emesis",TRUE,,,Apollo 11,US,1969,35,53,85
"Container assembly, Disposal",TRUE,,,Apollo 11,US,1969,36,54,86
"Filter, Oxygen bacterial",TRUE,,,Apollo 11,US,1969,37,55,87
"Container, PLSS Condendate",TRUE,,,Apollo 11,US,1969,38,56,88
"Antenna, S-Band",TRUE,,,Apollo 11,US,1969,39,57,89
"Cable, S-Band antenna",TRUE,,,Apollo 11,US,1969,40,58,90
"Bag, Lunar Equipment Transfer",TRUE,,,Apollo 11,US,1969,41,59,91
Pallet assembly #1,TRUE,,,Apollo 11,US,1969,42,60,92
Passive seismic experiment,TRUE,,,Apollo 11,US,1969,43,61,93
Central Station,TRUE,,,Apollo 11,US,1969,44,62,94
Pallet Assembly #2,TRUE,,,Apollo 11,US,1969,45,63,95
Primary structure assembly,TRUE,,,Apollo 11,US,1969,46,64,96
Hammer,TRUE,,,Apollo 11,US,1969,47,65,97
"Scoop, Lunar sample-large",TRUE,,,Apollo 11,US,1969,48,66,98
Extension handle,TRUE,,,Apollo 11,US,1969,49,67,99
Tongs,TRUE,,,Apollo 11,US,1969,50,68,100
Gnomon (Excludes mount) ,TRUE,,,Apollo 11,US,1969,51,69,101
Landing Location,TRUE,-3.11,-23.23,Apollo 12,US,1969,52,70,102
Passive Seismic Experiment (see experiment below),TRUE,,,Apollo 12,US,1969,53,71,103
Lunar Surface Magnetometer (see experiment below),TRUE,,,Apollo 12,US,1969,54,72,104
Solar Wind Spectrometer (see experiment below),TRUE,,,Apollo 12,US,1969,55,73,105
Suprathermal Ion Detector/Cold Cathode Gauge (SIDE/CCGE) (see below),TRUE,,,Apollo 12,US,1969,56,74,106
Radioisotope Thermal Generator (see experiment below),TRUE,,,Apollo 12,US,1969,57,75,107
Flag Kit ,TRUE,,,Apollo 12,US,1969,58,76,108
Surveyor 3,TRUE,,,Apollo 12,US,1969,59,77,109
LM Ascent Stage,TRUE,-3.94,-21.2,Apollo 12,US,1969,60,78,110
Central Station,TRUE,-3.00942,-23.42458,Apollo 12,US,1969,61,79,111
LM Descent Stage (plaque attached),TRUE,-3.01239,-23.42157,Apollo 12,US,1969,62,80,112
"Camera, Lunar Surface, Electric Hasselblad",TRUE,,,Apollo 12,US,1969,63,81,113
"Lens , 60mm",TRUE,,,Apollo 12,US,1969,64,82,114
"Adapter. Rt. Angle,16mm camera",TRUE,,,Apollo 12,US,1969,65,83,115
"Cable, Remote Control, 16mm camera",TRUE,,,Apollo 12,US,1969,66,84,116
"Protective cover, Reseau",TRUE,,,Apollo 12,US,1969,67,85,117
"Trigger, Electric Hasselblad Camera",TRUE,,,Apollo 12,US,1969,68,86,118
"Handle, Electric Hasselblad Camera ",TRUE,,,Apollo 12,US,1969,69,87,119
"Tether , EVA Retractable ",TRUE,,,Apollo 12,US,1969,70,88,120
"Cutter, for Surveyor Lunar Probe sample",TRUE,,,Apollo 12,US,1969,71,89,121
Remote Control Unit-PLSS,TRUE,,,Apollo 12,US,1969,72,90,122
"Bracket, Camera mount",TRUE,,,Apollo 12,US,1969,73,91,123
"Cartridge / Canister, PLSS LIOH",TRUE,,,Apollo 12,US,1969,74,92,124
"Battery, PLSS",TRUE,,,Apollo 12,US,1969,75,93,125
Defecation Collection Device,TRUE,,,Apollo 12,US,1969,76,94,126
"Overshoes, Lunar pair",TRUE,,,Apollo 12,US,1969,77,95,127
"Kit, Lec -Waist tether",TRUE,,,Apollo 12,US,1969,78,96,128
"Conveyor assembly, Lunar Equipment",TRUE,,,Apollo 12,US,1969,79,97,129
"Deployment Bag, Lunar equipment conveyor",TRUE,,,Apollo 12,US,1969,80,98,130
PLSS/EVCS Assembly,TRUE,,,Apollo 12,US,1969,81,99,131
PLSS/EVCS Assembly ,TRUE,,,Apollo 12,US,1969,82,100,132
"Collection bag, Calibrated, PLSS Feedwater w/scale",TRUE,,,Apollo 12,US,1969,83,101,133
"Collection bag, Calib. PLSS Feedwater w/o scale",TRUE,,,Apollo 12,US,1969,84,102,134
"Safety Line, Lunar Surface",TRUE,,,Apollo 12,US,1969,85,103,135
"Towels, LM utility (Red)",TRUE,,,Apollo 12,US,1969,86,104,136
"Towels, LM utility (Blue) ",TRUE,,,Apollo 12,US,1969,87,105,137
"TV System, LM Color",TRUE,,,Apollo 12,US,1969,88,106,138
"Camera, LM Color TV ",TRUE,,,Apollo 12,US,1969,89,107,139
"Zoom Lens, LM TV",TRUE,,,Apollo 12,US,1969,90,108,140
"Cable, LM TV Adapter",TRUE,,,Apollo 12,US,1969,91,109,141
Earplugs  ,TRUE,,,Apollo 12,US,1969,92,110,142
"Adapter, SRC/OPS",TRUE,,,Apollo 12,US,1969,93,111,143
Interim Stowage Assembly ,TRUE,,,Apollo 12,US,1969,94,112,144
"Canister, ECS LIOH",TRUE,,,Apollo 12,US,1969,95,113,145
Urine Collection Assembly (Small),TRUE,,,Apollo 12,US,1969,96,114,146
"Bag, Emesis",TRUE,,,Apollo 12,US,1969,97,115,147
"Container Assembly, Disposal",TRUE,,,Apollo 12,US,1969,98,116,148
"Container Assembly, Disposal",TRUE,,,Apollo 12,US,1969,99,117,149
"Container, PLSS Condensate",TRUE,,,Apollo 12,US,1969,100,118,150
"Antenna, S-Band",TRUE,,,Apollo 12,US,1969,101,119,151
"Tripod, TV",TRUE,,,Apollo 12,US,1969,102,120,152
"Strap, ECS LIOH Canister",TRUE,,,Apollo 12,US,1969,103,121,153
"Bag, Camera Mount Bracket",TRUE,,,Apollo 12,US,1969,104,122,154
Hammock Assembly,TRUE,,,Apollo 12,US,1969,105,123,155
"Bracket, Installation Color TV Camera",TRUE,,,Apollo 12,US,1969,106,124,156
Mounting Assembly RTG Fuel Cask  ,TRUE,,,Apollo 12,US,1969,107,125,157
Fuel Cask,TRUE,,,Apollo 12,US,1969,108,126,158
Fuel Capsule Assembly,TRUE,,,Apollo 12,US,1969,109,127,159
Prime ALSEP pallet assembly #1 (d),TRUE,,,Apollo 12,US,1969,110,128,160
Prime ALSEP pallet assembly #2 (e),TRUE,,,Apollo 12,US,1969,111,129,161
Hammer,TRUE,,,Apollo 12,US,1969,112,130,162
"Scoop, Lunar Sample",TRUE,,,Apollo 12,US,1969,113,131,163
Extension Handle,TRUE,,,Apollo 12,US,1969,114,132,164
Tongs,TRUE,,,Apollo 12,US,1969,115,133,165
Gnomon,TRUE,,,Apollo 12,US,1969,116,134,166
"Hook, Tether",TRUE,,,Apollo 12,US,1969,117,135,167
"Camera, Close-up stereo",TRUE,,,Apollo 12,US,1969,118,136,168
Contrast Target,TRUE,,,Apollo 12,US,1969,119,137,169
Color Chart,TRUE,,,Apollo 12,US,1969,120,138,170
(d) LS Magnetometer experiment,TRUE,,,Apollo 12,US,1969,121,139,171
(d) Passive seismic experiment ,TRUE,,,Apollo 12,US,1969,122,140,172
(d) Solar wind experiment,TRUE,,,Apollo 12,US,1969,123,141,173
(e) Radioisotope Thermoelectric Generator Experiment,TRUE,,,Apollo 12,US,1969,124,142,174
(e) Subthermal lon Detector / CCGE experiment,TRUE,,,Apollo 12,US,1969,125,143,175
(e) PSE leveling stool,TRUE,,,Apollo 12,US,1969,126,144,176
(e) Lunar Geological Hand Tool Carrier w/ tools,TRUE,,,Apollo 12,US,1969,127,145,177
"Filter, polarizing",TRUE,,,Apollo 12,US,1969,128,146,178
"(a) Bag, assembly, LEC  Waist",TRUE,,,Apollo 12,US,1969,129,147,179
(b) PLSS,TRUE,,,Apollo 12,US,1969,130,148,180
(b) EVCS-1,TRUE,,,Apollo 12,US,1969,131,149,181
(c) PLSS ,TRUE,,,Apollo 12,US,1969,132,150,182
(c) EVCS-2,TRUE,,,Apollo 12,US,1969,133,151,183
Astronaut Wings (C.C. Williams),TRUE,,,Apollo 12,US,1969,134,152,184
Astronaut Wings (Alan Bean),TRUE,,,Apollo 12,US,1969,135,153,185
Automatic Timer for Hasselblad ,TRUE,,,Apollo 12,US,1969,136,154,186
S-IVB,TRUE,-2.553,27.887,Apollo 13,US,1970,1,155,187
Landing Location,TRUE,-3.4,-17.28,Apollo 14,US,1971,1,156,188
S-IVB,TRUE,-8.179,26.031,Apollo 14,US,1971,2,157,189
Passive Seismic Experiment (see below),TRUE,,,Apollo 14,US,1971,3,158,190
Active Seismic Experiment (see below),TRUE,,,Apollo 14,US,1971,4,159,191
Lunar Portable Magnetometer (see below),TRUE,,,Apollo 14,US,1971,5,160,192
Suprathermal Ion Detector/Cold Cathode Gauge (SIDE/CCGE) (see below),TRUE,,,Apollo 14,US,1971,6,161,193
Charged Particle Lunar Environment Experiment (CPLEE) (see below),TRUE,,,Apollo 14,US,1971,7,162,194
Radioisotope Thermal Generator (see below),TRUE,,,Apollo 14,US,1971,8,163,195
Modular Equipment Transporter (see below),TRUE,,,Apollo 14,US,1971,9,164,196
LM Ascent Stage,TRUE,-3.42,-19.67,Apollo 14,US,1971,10,165,197
Central Station,TRUE,-3.64398,-17.47748,Apollo 14,US,1971,11,166,198
Laser Range Reflector (see below),TRUE,-3.64421,-17.4788,Apollo 14,US,1971,12,167,199
LM Descent Stage (plaque attached),TRUE,-3.6453,-17.47136,Apollo 14,US,1971,13,168,200
"Filter, Polarizing",TRUE,,,Apollo 14,US,1971,14,169,201
"Adapter, Bracket, Right. Angle, 16mm Camera",TRUE,,,Apollo 14,US,1971,15,170,202
"Camera, Lunar Surface, Electric Hasselblad  ",TRUE,,,Apollo 14,US,1971,16,171,203
"Lens, 60mm",TRUE,,,Apollo 14,US,1971,17,172,204
"Cable, Remote control, 16mm camera",TRUE,,,Apollo 14,US,1971,18,173,205
"Protective cover, Reseau",TRUE,,,Apollo 14,US,1971,19,174,206
"Trigger, Electric Hasselblad  camera",TRUE,,,Apollo 14,US,1971,20,175,207
"Handle, Electric Hasselblad camera ",TRUE,,,Apollo 14,US,1971,21,176,208
"Tether, EVA retractable",TRUE,,,Apollo 14,US,1971,22,177,209
"Checklist, EVA cuff  ",TRUE,,,Apollo 14,US,1971,23,178,210
"Brush, lens  ",TRUE,,,Apollo 14,US,1971,24,179,211
"Camera/Power  Assembly, 16mm L.S.",TRUE,,,Apollo 14,US,1971,25,180,212
"Camera, 16mm, battery operated",TRUE,,,Apollo 14,US,1971,26,181,213
"5mm lens, 16mm battery operated camera",TRUE,,,Apollo 14,US,1971,27,182,214
"Handle, 16mm battery operated camera",TRUE,,,Apollo 14,US,1971,28,183,215
"Power pack, 16mm battery operated camera",TRUE,,,Apollo 14,US,1971,29,184,216
"RCU bracket, 16mm battery operated camera",TRUE,,,Apollo 14,US,1971,30,185,217
Remote control unit- PLSS (-6),TRUE,,,Apollo 14,US,1971,31,186,218
"Bracket, Camera mount (-6)",TRUE,,,Apollo 14,US,1971,32,187,219
"Cartridge/Canister, PLSS/LIOH (-6)",TRUE,,,Apollo 14,US,1971,33,188,220
"Battery, PLSS (-6)",TRUE,,,Apollo 14,US,1971,34,189,221
Defecation Collection Device,TRUE,,,Apollo 14,US,1971,35,190,222
"Boots, Lunar",TRUE,,,Apollo 14,US,1971,36,191,223
PLSS/EVCS assembly,TRUE,,,Apollo 14,US,1971,37,192,224
PLSS/EVCS assembly ,TRUE,,,Apollo 14,US,1971,38,193,225
"Collection bag, Calibrated, PLSS Feedwater",TRUE,,,Apollo 14,US,1971,39,194,226
"Collection bag, Calibrated, PLSS without Feedwater",TRUE,,,Apollo 14,US,1971,40,195,227
"Bag, Jettison stowage",TRUE,,,Apollo 14,US,1971,41,196,228
"Safety line, Lunar surface (100 feet)",TRUE,,,Apollo 14,US,1971,42,197,229
"Towels, LM utility (Red)",TRUE,,,Apollo 14,US,1971,43,198,230
"Towels, LM utility (Blue)",TRUE,,,Apollo 14,US,1971,44,199,231
"Brush, Lunar dust",TRUE,,,Apollo 14,US,1971,45,200,232
"Bag, Lunar surface safety line",TRUE,,,Apollo 14,US,1971,46,201,233
"Device, in-suit, drinking",TRUE,,,Apollo 14,US,1971,47,202,234
Buddy SLSS Assembly,TRUE,,,Apollo 14,US,1971,48,203,235
"TV subsystem, Lunar (subsystem includes (a))",TRUE,,,Apollo 14,US,1971,49,204,236
"TV System, LM color (system includes (b))",TRUE,,,Apollo 14,US,1971,50,205,237
"Camera, Close-up stereo",TRUE,,,Apollo 14,US,1971,51,206,238
"Flag kit, Lunar surface",TRUE,,,Apollo 14,US,1971,52,207,239
"Transporter, Mobile equipment (MET)",TRUE,,,Apollo 14,US,1971,53,208,240
Earplugs,TRUE,,,Apollo 14,US,1971,54,209,241
"Adapter, SRC/Ops",TRUE,,,Apollo 14,US,1971,55,210,242
"Canister, ECS LIOH ",TRUE,,,Apollo 14,US,1971,56,211,243
"Urine collection assembly, small",TRUE,,,Apollo 14,US,1971,57,212,244
"Bag, Emesis",TRUE,,,Apollo 14,US,1971,58,213,245
"Container assembly, Disposal",TRUE,,,Apollo 14,US,1971,59,214,246
"Container, PLSS condensate ",TRUE,,,Apollo 14,US,1971,60,215,247
"Antenna, S-band",TRUE,,,Apollo 14,US,1971,61,216,248
"Tripod, TV",TRUE,,,Apollo 14,US,1971,62,217,249
"Strap, ECS LIOH canister",TRUE,,,Apollo 14,US,1971,63,218,250
"Bag, Camera Mount Bracket",TRUE,,,Apollo 14,US,1971,64,219,251
Hammock Assembly,TRUE,,,Apollo 14,US,1971,65,220,252
Hammock Assembly ,TRUE,,,Apollo 14,US,1971,66,221,253
"Container, Buddy SLLSS Assembly-Stowage",TRUE,,,Apollo 14,US,1971,67,222,254
"Bag, 16mm Camera-Stowage",TRUE,,,Apollo 14,US,1971,68,223,255
Foam side,TRUE,,,Apollo 14,US,1971,69,224,256
Foam side ,TRUE,,,Apollo 14,US,1971,70,225,257
Strap assembly,TRUE,,,Apollo 14,US,1971,71,226,258
"Webbing, Tiedown-Contingency",TRUE,,,Apollo 14,US,1971,72,227,259
"Pallet assembly, magnetometer ",TRUE,,,Apollo 14,US,1971,73,228,260
Strao assembly,TRUE,,,Apollo 14,US,1971,74,229,261
Mounting Assembly RTG Fuel Cask  ,TRUE,,,Apollo 14,US,1971,75,230,262
Fuel cask,TRUE,,,Apollo 14,US,1971,76,231,263
Fuel capsule assembly,TRUE,,,Apollo 14,US,1971,77,232,264
Pallet assembly No.1 (includes (c)),TRUE,,,Apollo 14,US,1971,78,233,265
Pallet assembly No.2 (includes (d)),TRUE,,,Apollo 14,US,1971,79,234,266
Hammer,TRUE,,,Apollo 14,US,1971,80,235,267
"Scoop, lunar sample (Large)",TRUE,,,Apollo 14,US,1971,81,236,268
"Tool, extension",TRUE,,,Apollo 14,US,1971,82,237,269
Tongs  ,TRUE,,,Apollo 14,US,1971,83,238,270
Gnomon,TRUE,,,Apollo 14,US,1971,84,239,271
"Tool assembly, Trenching-Adjustable",TRUE,,,Apollo 14,US,1971,85,240,272
"Scale, sample",TRUE,,,Apollo 14,US,1971,86,241,273
"Reflector, Laser ranging retro",TRUE,,,Apollo 14,US,1971,87,242,274
ASE cable anchor (Apollo sample Penetrometer),TRUE,,,Apollo 14,US,1971,88,243,275
"(a) Camera, Lunar TV",TRUE,,,Apollo 14,US,1971,89,244,276
"(a) Lens, TV lunar day",TRUE,,,Apollo 14,US,1971,90,245,277
"(a) Cover, Dust, Lens ",TRUE,,,Apollo 14,US,1971,91,246,278
"(a) Cover, Connector, Dust",TRUE,,,Apollo 14,US,1971,92,247,279
"(b) Camera, LM Color TV",TRUE,,,Apollo 14,US,1971,93,248,280
"(b) Zoom lens, LM Color TV",TRUE,,,Apollo 14,US,1971,94,249,281
"(b) Cable, LM Color TV",TRUE,,,Apollo 14,US,1971,95,250,282
"(b) Cover, LM TV lens",TRUE,,,Apollo 14,US,1971,96,251,283
(c) Active Seismic Experiment,TRUE,,,Apollo 14,US,1971,97,252,284
(c) Passive Seismic Experiment ,TRUE,,,Apollo 14,US,1971,98,253,285
(c) Charged Particule Lunar Environment Experiment,TRUE,,,Apollo 14,US,1971,99,254,286
(d) Radioisotope Thermoelectric Generator RTG Experiment,TRUE,,,Apollo 14,US,1971,100,255,287
(d) Superthermal Ion Detect/Cold Cathode Gag Experiment,TRUE,,,Apollo 14,US,1971,101,256,288
(d) PSE Levelling Stool,TRUE,,,Apollo 14,US,1971,102,257,289
(d ) Lunar Geol. Experiment Tool Carrier w/tools,TRUE,,,Apollo 14,US,1971,103,258,290
(d) ALSEP Deployment Tools,TRUE,,,Apollo 14,US,1971,104,259,291
"Kit, LEC-Waist Tether",TRUE,,,Apollo 14,US,1971,105,260,292
"Bag Assembly, Lunar Equipment",TRUE,,,Apollo 14,US,1971,106,261,293
"Conveyor assembly, Lunar Equipment",TRUE,,,Apollo 14,US,1971,107,262,294
"Bag, Deployment, Lunar Equipment Conveyor",TRUE,,,Apollo 14,US,1971,108,263,295
Golf balls,TRUE,,,Apollo 14,US,1971,109,264,296
Javelin,TRUE,,,Apollo 14,US,1971,110,265,297
Landing Location,TRUE,26.6,3.39,Apollo 15,US,1971,111,266,298
S-IVB,TRUE,-1.288,-11.824,Apollo 15,US,1971,112,267,299
Apollo 15 Subsatellite (PFS-2),TRUE,UNKNOWN,,Apollo 15,US,1971,113,268,300
Passive Seismic Experiment (see below),TRUE,,,Apollo 15,US,1971,114,269,301
Lunar Surface Magnetometer,TRUE,,,Apollo 15,US,1971,115,270,302
Solar Wind Spectrometer (see below),TRUE,,,Apollo 15,US,1971,116,271,303
Suprathermal Ion Detector/Cold Cathode Gauge (SIDE/CCGE),TRUE,,,Apollo 15,US,1971,117,272,304
Heat Flow Experiment (see below),TRUE,,,Apollo 15,US,1971,118,273,305
Hammer and Feather,TRUE,,,Apollo 15,US,1971,119,274,306
Fallen Astronaut sculpture/plaque,TRUE,,,Apollo 15,US,1971,120,275,307
Ascent Stage,TRUE,26.36,0.25,Apollo 15,US,1971,121,276,308
Central Station,TRUE,26.13407,3.62981,Apollo 15,US,1971,122,277,309
Laser Range Reflector,TRUE,26.13333,3.62837,Apollo 15,US,1971,123,278,310
LM Descent Stage (plaque attached),TRUE,26.13222,3.63386,Apollo 15,US,1971,124,279,311
"Filter, Polarizing",TRUE,,,Apollo 15,US,1971,125,280,312
"Camera , Hasselblad- Electric Data",TRUE,,,Apollo 15,US,1971,126,281,313
"Lens, 60mm",TRUE,,,Apollo 15,US,1971,127,282,314
"Protective Cover, Reseau",TRUE,,,Apollo 15,US,1971,128,283,315
"Trigger, Hasselblad Electric Data",TRUE,,,Apollo 15,US,1971,129,284,316
"Handle, Hasselblad- Electric Data ",TRUE,,,Apollo 15,US,1971,130,285,317
"Tether, EVA retractable (CDR)",TRUE,,,Apollo 15,US,1971,131,286,318
"Brush, Lens",TRUE,,,Apollo 15,US,1971,132,287,319
"Camera/Power Pack Assembly, 16mm L.S.",TRUE,,,Apollo 15,US,1971,133,288,320
"Camera, 16mm Battery Operated",TRUE,,,Apollo 15,US,1971,134,289,321
"Lens, 10mm 16mm Bamttery Operated Camera",TRUE,,,Apollo 15,US,1971,135,290,322
"Handle, 16mm Battery Operated Camera",TRUE,,,Apollo 15,US,1971,136,291,323
"Power Pack, 16mm Battery Operated Camera",TRUE,,,Apollo 15,US,1971,137,292,324
"RCU Bracket, 16mm Battery Operated Camera",TRUE,,,Apollo 15,US,1971,138,293,325
"Tether, EVA Retractable (LMP)",TRUE,,,Apollo 15,US,1971,139,294,326
"Camera, L.S. Electric",TRUE,,,Apollo 15,US,1971,140,295,327
"Lens, 500mm",TRUE,,,Apollo 15,US,1971,141,296,328
Ringsight  ,TRUE,,,Apollo 15,US,1971,142,297,329
"Garment, Constant wear",TRUE,,,Apollo 15,US,1971,143,298,330
"Garment, Liquid cooled",TRUE,,,Apollo 15,US,1971,144,299,331
Remote Control Unit-PLSS (-7),TRUE,,,Apollo 15,US,1971,145,300,332
"Bracket, Camera mount (-7)",TRUE,,,Apollo 15,US,1971,146,301,333
"Cartridge Container Assembly, PLSS/LIOH",TRUE,,,Apollo 15,US,1971,147,302,334
"Container assy., protective-PLSS LIOH",TRUE,,,Apollo 15,US,1971,148,303,335
"Cartridge, PLSS LIOH",TRUE,,,Apollo 15,US,1971,149,304,336
"Battery , PLSS (-7)",TRUE,,,Apollo 15,US,1971,150,305,337
"Boots, Lunar-pair ",TRUE,,,Apollo 15,US,1971,151,306,338
"Bag Assembly, LEC-Waist",TRUE,,,Apollo 15,US,1971,152,307,339
"Conveyor assembly, Lunar Equipment",TRUE,,,Apollo 15,US,1971,153,308,340
"Bag, Deployment, LEC",TRUE,,,Apollo 15,US,1971,154,309,341
PLSS/EVCS Assembly (wet) (includes (a)),TRUE,,,Apollo 15,US,1971,155,310,342
PLSS/EVCS Assembly (wet ) (includes (b)),TRUE,,,Apollo 15,US,1971,156,311,343
"Bag, Jettison Stowage",TRUE,,,Apollo 15,US,1971,157,312,344
LCG Adapter,TRUE,,,Apollo 15,US,1971,158,313,345
"Jacket, Assembly, ICG",TRUE,,,Apollo 15,US,1971,159,314,346
"Trouser Assembly, ICG",TRUE,,,Apollo 15,US,1971,160,315,347
"Boot, Right ICG  ",TRUE,,,Apollo 15,US,1971,161,316,348
"Boot, Left, ICG ",TRUE,,,Apollo 15,US,1971,162,317,349
"Safety Line, Lunar Surface (100 ft.)",TRUE,,,Apollo 15,US,1971,163,318,350
"Towels, LM utility (Red)",TRUE,,,Apollo 15,US,1971,164,319,351
"Towels, LM utility (Blue) ",TRUE,,,Apollo 15,US,1971,165,320,352
"Brush, Lunar Dust  ",TRUE,,,Apollo 15,US,1971,166,321,353
"Bag, Lunar Surface Safety Line",TRUE,,,Apollo 15,US,1971,167,322,354
Buddy SLSS Assembly,TRUE,,,Apollo 15,US,1971,168,323,355
Sleeping Restraint Assembly,TRUE,,,Apollo 15,US,1971,169,324,356
"Tool Carrier, PLSS (CDR)",TRUE,,,Apollo 15,US,1971,170,325,357
Tool Carrier PLSS (LMP) ,TRUE,,,Apollo 15,US,1971,171,326,358
"Strap, LCRU Retainer",TRUE,,,Apollo 15,US,1971,172,327,359
Helmet and LEVA Interim Stowage Container Assembly,TRUE,,,Apollo 15,US,1971,173,328,360
"Food Assembly, LM(A/S)",TRUE,,,Apollo 15,US,1971,174,329,361
"Food Assembly, LM (D/S Pallet)",TRUE,,,Apollo 15,US,1971,175,330,362
Food Assembly LM (D/S Pallet No. 3),TRUE,,,Apollo 15,US,1971,176,331,363
"Wet Wipes, Facial",TRUE,,,Apollo 15,US,1971,177,332,364
GCTA- Ground Controlled TV assembly (includes (c)),TRUE,,,Apollo 15,US,1971,178,333,365
Communication Relay System (includes (d)),TRUE,,,Apollo 15,US,1971,179,334,366
Lunar Roving Vehicle (LRV),TRUE,,,Apollo 15,US,1971,180,335,367
"Tool, Deployment- LRV",TRUE,,,Apollo 15,US,1971,181,336,368
"Flag Kit, Lunar Surface",TRUE,,,Apollo 15,US,1971,182,337,369
"Staff, 16mm camera",TRUE,,,Apollo 15,US,1971,183,338,370
"Holder, Map-LRV  ",TRUE,,,Apollo 15,US,1971,184,339,371
"Bag, Stowage-Gnomon",TRUE,,,Apollo 15,US,1971,185,340,372
"Adapter Assembly, -20 DSBD 70mm Hasselblad",TRUE,,,Apollo 15,US,1971,186,341,373
"Adapter, SCR/Ops",TRUE,,,Apollo 15,US,1971,187,342,374
"Cannister, ECS LIOH",TRUE,,,Apollo 15,US,1971,188,343,375
"Urine collection assembly, (small)",TRUE,,,Apollo 15,US,1971,189,344,376
"Bag, Emesis",TRUE,,,Apollo 15,US,1971,190,345,377
"Tripod, TV",TRUE,,,Apollo 15,US,1971,191,346,378
"Strap, ECS LIOH Cannister",TRUE,,,Apollo 15,US,1971,192,347,379
"Strap, LIOH  ",TRUE,,,Apollo 15,US,1971,193,348,380
Urine Receptacle System,TRUE,,,Apollo 15,US,1971,194,349,381
"Pallet Assembly No. 1, Equipment Transfer",TRUE,,,Apollo 15,US,1971,195,350,382
"Pallet Assembly No. 2, Equipment Transfer",TRUE,,,Apollo 15,US,1971,196,351,383
"Pallet Assembly No. 4, Equipment Transfer",TRUE,,,Apollo 15,US,1971,197,352,384
Hammock Assembly,TRUE,,,Apollo 15,US,1971,198,353,385
Hammock Assembly,TRUE,,,Apollo 15,US,1971,199,354,386
"Container, Buddy SLSS Assembly Stowage",TRUE,,,Apollo 15,US,1971,200,355,387
Foam Side,TRUE,,,Apollo 15,US,1971,201,356,388
Foam Side ,TRUE,,,Apollo 15,US,1971,202,357,389
Strap Assembly,TRUE,,,Apollo 15,US,1971,203,358,390
"Pallet, LRV Aft Chassis",TRUE,,,Apollo 15,US,1971,204,359,391
"Pallet, Quad 3- Payload",TRUE,,,Apollo 15,US,1971,205,360,392
"Webbing, Tiedown- contingency",TRUE,,,Apollo 15,US,1971,206,361,393
"Vise Device, Drill String",TRUE,,,Apollo 15,US,1971,207,362,394
"Bag, stowage- 70mm magazine",TRUE,,,Apollo 15,US,1971,208,363,395
"Cannister, ECS LIOH",TRUE,,,Apollo 15,US,1971,209,364,396
"Strap Assembly, Sleep Restraint",TRUE,,,Apollo 15,US,1971,210,365,397
"Mounting Assembly, RTG Fuel Cask",TRUE,,,Apollo 15,US,1971,211,366,398
Fuel Cask,TRUE,,,Apollo 15,US,1971,212,367,399
Fuel Capsule Assembly,TRUE,,,Apollo 15,US,1971,213,368,400
Pallet Assembly No. 1,TRUE,,,Apollo 15,US,1971,214,369,401
"Experiment, Passive Seismic ",TRUE,,,Apollo 15,US,1971,215,370,402
"Experiment, Solar Wind ",TRUE,,,Apollo 15,US,1971,216,371,403
"Experiment, Dust Detector",TRUE,,,Apollo 15,US,1971,217,372,404
Pallet Assembly No. 2,TRUE,,,Apollo 15,US,1971,218,373,405
"Experiment, Heat Flow",TRUE,,,Apollo 15,US,1971,219,374,406
"Stool, PSE Leveling",TRUE,,,Apollo 15,US,1971,220,375,407
"Generator, Radioisotope",TRUE,,,Apollo 15,US,1971,221,376,408
Tools ALSERP Deployment,TRUE,,,Apollo 15,US,1971,222,377,409
Side/CCGE,TRUE,,,Apollo 15,US,1971,223,378,410
"Tool, Extension",TRUE,,,Apollo 15,US,1971,224,379,411
"Tongs, 32 inch",TRUE,,,Apollo 15,US,1971,225,380,412
Gnomon  ,TRUE,,,Apollo 15,US,1971,226,381,413
Lunar Geology Experiment Tool Carrier with tools,TRUE,,,Apollo 15,US,1971,227,382,414
"Scoop, Adjustable Sampling",TRUE,,,Apollo 15,US,1971,228,383,415
Hammer,TRUE,,,Apollo 15,US,1971,229,384,416
"Drill Assembly, Apollo L.S.",TRUE,,,Apollo 15,US,1971,230,385,417
"Penetrometer Assembly, Self Recording",TRUE,,,Apollo 15,US,1971,231,386,418
"Accessory Holder Assembly, Penetrometer (includes (e))",TRUE,,,Apollo 15,US,1971,232,387,419
"Rake, Lunar Sampling",TRUE,,,Apollo 15,US,1971,233,388,420
(a) PLSS,TRUE,,,Apollo 15,US,1971,234,389,421
(a) EVCS-1,TRUE,,,Apollo 15,US,1971,235,390,422
"(a) Battery, PLSS",TRUE,,,Apollo 15,US,1971,236,391,423
"(a) Cartridge, LIOH",TRUE,,,Apollo 15,US,1971,237,392,424
(b) PLSS,TRUE,,,Apollo 15,US,1971,238,393,425
(b) EVCS-2,TRUE,,,Apollo 15,US,1971,239,394,426
"(b) Battery, PLSS",TRUE,,,Apollo 15,US,1971,240,395,427
"(b) Cartridge, LIOH",TRUE,,,Apollo 15,US,1971,241,396,428
"(c) CTV Camera, Color TV",TRUE,,,Apollo 15,US,1971,242,397,429
(c) TV Control Unit,TRUE,,,Apollo 15,US,1971,243,398,430
(d) Lunar Communication Relay Unit (LCRU),TRUE,,,Apollo 15,US,1971,244,399,431
"(d) Stowage Container, LCRU Ancillary Items",TRUE,,,Apollo 15,US,1971,245,400,432
"(d) Batteries, LCRU",TRUE,,,Apollo 15,US,1971,246,401,433
(d) Hi-Gain Antenna Assembly,TRUE,,,Apollo 15,US,1971,247,402,434
(d) Lo-Gain Antenna Assembly ,TRUE,,,Apollo 15,US,1971,248,403,435
(e) Large Base Assembly ,TRUE,,,Apollo 15,US,1971,249,404,436
"(e) Cone, .2",TRUE,,,Apollo 15,US,1971,250,405,437
"(e) Cone, .5",TRUE,,,Apollo 15,US,1971,251,406,438
"(e) Cone Assembly, 1.0",TRUE,,,Apollo 15,US,1971,252,407,439
(e) Cover Assembly,TRUE,,,Apollo 15,US,1971,253,408,440
"Kit, Lee-Waist, Tether",TRUE,,,Apollo 15,US,1971,254,409,441
U.S. Marine Corps Flag,TRUE,,,Apollo 15,US,1971,255,410,442
Falcon feather,TRUE,,,Apollo 15,US,1971,256,411,443
Portrait of James Irwin,TRUE,,,Apollo 15,US,1971,257,412,444
Bible (left on LRV Dashboard by James Irwin),TRUE,,,Apollo 15,US,1971,258,413,445
Microfilm roll containing Apollo 11 Manned Flight Awareness booklet,TRUE,,,Apollo 15,US,1971,259,414,446
100 2-dollar bills,TRUE,,,Apollo 15,US,1971,260,415,447
Personal Preference Kits left in Lunar Module,TRUE,,,Apollo 15,US,1971,261,416,448
Document proclaiming “University of Michigan Alumni of the Moon”,TRUE,,,Apollo 15,US,1971,262,417,449
Landing Location,TRUE,-8.973,15.31,Apollo 16,US,1972,1,418,450
Apollo 16 Subsatellite (PFS-2),TRUE,Lunar Far Side,,Apollo 16,US,1972,2,419,451
Ascent Stage,TRUE,UNKNOWN,,Apollo 16,US,1972,3,420,452
Passive Seismic Experiment (see below),TRUE,,,Apollo 16,US,1972,4,421,453
Active Seismic Experiment (see below),TRUE,,,Apollo 16,US,1972,5,422,454
Lunar Surface Magnetomet (see below),TRUE,,,Apollo 16,US,1972,6,423,455
Radioisotope Thermal Generator (see below),TRUE,,,Apollo 16,US,1972,7,424,456
Lunar Roving Vehicle (see below),TRUE,,,Apollo 16,US,1972,8,425,457
Far Ultraviolet Camera/Spectrograph (see below),TRUE,,,Apollo 16,US,1972,9,426,458
Central Station,TRUE,-8.97537,15.49812,Apollo 16,US,1972,10,427,459
LM Descent Stage (plaque attached),TRUE,-8.97301,15.50019,Apollo 16,US,1972,11,428,460
"Filter, Polarizing",TRUE,,,Apollo 16,US,1972,12,429,461
"Camera, Hasselblad-Electric Data",TRUE,,,Apollo 16,US,1972,13,430,462
"Lens, 60mm",TRUE,,,Apollo 16,US,1972,14,431,463
"Protective cover, Reseau",TRUE,,,Apollo 16,US,1972,15,432,464
"Trigger, Hasselblad-Electric Data",TRUE,,,Apollo 16,US,1972,16,433,465
"Handle, Hasselblad- Electric Data ",TRUE,,,Apollo 16,US,1972,17,434,466
Tether EVA Retractable (CDR),TRUE,,,Apollo 16,US,1972,18,435,467
"Brush, Lens",TRUE,,,Apollo 16,US,1972,19,436,468
Camera/Power  Assemby 16mm L.S. (includes (a)),TRUE,,,Apollo 16,US,1972,20,437,469
"Pack Tether, EVA Retractable -(LMP)",TRUE,,,Apollo 16,US,1972,21,438,470
Utility Towel Assembly LM,TRUE,,,Apollo 16,US,1972,22,439,471
Defectation Collection Device,TRUE,,,Apollo 16,US,1972,23,440,472
"Boots, Lunar Pair",TRUE,,,Apollo 16,US,1972,24,441,473
"Life Line, Lunar Equip (LELL)",TRUE,,,Apollo 16,US,1972,25,442,474
PLSS/EVCS Assy.-LMP (includes (b)),TRUE,,,Apollo 16,US,1972,26,443,475
"PLSS/EVCS Assy., CDR (includes (c)) ",TRUE,,,Apollo 16,US,1972,27,444,476
"Bag, Jettison stowage",TRUE,,,Apollo 16,US,1972,28,445,477
"Dispenser, Tissue",TRUE,,,Apollo 16,US,1972,29,446,478
LCG Adapter  ,TRUE,,,Apollo 16,US,1972,30,447,479
"Jacket Assy., ICG",TRUE,,,Apollo 16,US,1972,31,448,480
"Trouser Assy., ICG",TRUE,,,Apollo 16,US,1972,32,449,481
"Boot, Right , ICG ",TRUE,,,Apollo 16,US,1972,33,450,482
"Boot, Left, ICG ",TRUE,,,Apollo 16,US,1972,34,451,483
"Towels, LM Utility (Red)",TRUE,,,Apollo 16,US,1972,35,452,484
"Towels, LM Utility (Blue)",TRUE,,,Apollo 16,US,1972,36,453,485
"Brush, Lunar Dust  ",TRUE,,,Apollo 16,US,1972,37,454,486
Buddy SLSS Assembly,TRUE,,,Apollo 16,US,1972,38,455,487
Sleeping Restraint Assembly,TRUE,,,Apollo 16,US,1972,39,456,488
"Tool Carrier, PLSS (CDR)",TRUE,,,Apollo 16,US,1972,40,457,489
"Tool Carrier, PLSS (LMP) ",TRUE,,,Apollo 16,US,1972,41,458,490
"Strap, LCRU Retainer",TRUE,,,Apollo 16,US,1972,42,459,491
Helmet and LEVA Interim stowage container Assembly,TRUE,,,Apollo 16,US,1972,43,460,492
Food Assy. LM (A/S),TRUE,,,Apollo 16,US,1972,44,461,493
In-Suit Beverage Assembly,TRUE,,,Apollo 16,US,1972,45,462,494
In-Suit Food Bar Assembly ,TRUE,,,Apollo 16,US,1972,46,463,495
"Food Assy., LM (D/S Pallet No. 1)",TRUE,,,Apollo 16,US,1972,47,464,496
"Food Assy., LM (D/S Pallet No. 2)",TRUE,,,Apollo 16,US,1972,48,465,497
"Wet Wipes, Facial",TRUE,,,Apollo 16,US,1972,49,466,498
GCTA- Ground Con[t1r]olled TV Assy. (includes (d)),TRUE,,,Apollo 16,US,1972,50,467,499
Communication Relay System (includes (e)),TRUE,,,Apollo 16,US,1972,51,468,500
Lunar Roving Vehicle,TRUE,,,Apollo 16,US,1972,52,469,501
"Flag Kit, Lunar Surface",TRUE,,,Apollo 16,US,1972,53,470,502
"Staff, 16mm Camera",TRUE,,,Apollo 16,US,1972,54,471,503
"Holder, Map LRV  ",TRUE,,,Apollo 16,US,1972,55,472,504
"Adapter Assy., 20 DSBD 70mm Hasselblad, *- 303B",TRUE,,,Apollo 16,US,1972,56,473,505
"Staff Loop Assy., 16mm Camera",TRUE,,,Apollo 16,US,1972,57,474,506
"Staff Loop Assy., Low Gain",TRUE,,,Apollo 16,US,1972,58,475,507
"Sunshade, GCTA",TRUE,,,Apollo 16,US,1972,59,476,508
"Adapter, SRC/Ops",TRUE,,,Apollo 16,US,1972,60,477,509
"Canister, ECS LIOH",TRUE,,,Apollo 16,US,1972,61,478,510
Urine Collection Assy. (Small),TRUE,,,Apollo 16,US,1972,62,479,511
"Bag, Emesis",TRUE,,,Apollo 16,US,1972,63,480,512
"Bag, Equipt. Transfer",TRUE,,,Apollo 16,US,1972,64,481,513
"Tripod, TV  ",TRUE,,,Apollo 16,US,1972,65,482,514
"Strap, ECS LIOH Canister",TRUE,,,Apollo 16,US,1972,66,483,515
"Strap, LIOH",TRUE,,,Apollo 16,US,1972,67,484,516
Urine Receptacle System,TRUE,,,Apollo 16,US,1972,68,485,517
"Pallet Assy. No. 1, Equipment Transfer",TRUE,,,Apollo 16,US,1972,69,486,518
"Pallet Assy. No. 2, Equipment Transfer",TRUE,,,Apollo 16,US,1972,70,487,519
"Pallet Assy. No. 4, Equipment Transfer",TRUE,,,Apollo 16,US,1972,71,488,520
Hammock Assembly,TRUE,,,Apollo 16,US,1972,72,489,521
Hammock Assembly ,TRUE,,,Apollo 16,US,1972,73,490,522
"Container, Buddy SLSS Assy., stowage",TRUE,,,Apollo 16,US,1972,74,491,523
"Pallet, LRV Aft Chassis",TRUE,,,Apollo 16,US,1972,75,492,524
"Pallet, Quad 3- Payload",TRUE,,,Apollo 16,US,1972,76,493,525
"Webbing, Tie-down Contingency",TRUE,,,Apollo 16,US,1972,77,494,526
"Vise Device, Drill String",TRUE,,,Apollo 16,US,1972,78,495,527
"Bag, stowage. 500mm  System",TRUE,,,Apollo 16,US,1972,79,496,528
"Canister, ECS LIOH",TRUE,,,Apollo 16,US,1972,80,497,529
"Strap Assy., Sleep Restraint",TRUE,,,Apollo 16,US,1972,81,498,530
"Container, Bore/Core Stem Stowage",TRUE,,,Apollo 16,US,1972,82,499,531
"Cover, Bore/Core Stem Stowage",TRUE,,,Apollo 16,US,1972,83,500,532
"Retainer Assy., Lower",TRUE,,,Apollo 16,US,1972,84,501,533
"Retainer Assy., Upper ",TRUE,,,Apollo 16,US,1972,85,502,534
"Cover Assy., Retainer ",TRUE,,,Apollo 16,US,1972,86,503,535
Spacer (Bore and Core Stem Stowage) ,TRUE,,,Apollo 16,US,1972,87,504,536
Spacer (Bore and Core Stem Stowage) ,TRUE,,,Apollo 16,US,1972,88,505,537
"Stowage Retainer, GCTA Sunshade",TRUE,,,Apollo 16,US,1972,89,506,538
"Stowage Strap Assy., GCTA Sunshade",TRUE,,,Apollo 16,US,1972,90,507,539
"Mounting Assy., Rtg. Fuel Cask",TRUE,,,Apollo 16,US,1972,91,508,540
Fuel Cask,TRUE,,,Apollo 16,US,1972,92,509,541
Fuel Capsule Assy.,TRUE,,,Apollo 16,US,1972,93,510,542
Pallet Assy. No. 1 (includes (f)),TRUE,,,Apollo 16,US,1972,94,511,543
Pallet Assy. No. 2 (includes (g)),TRUE,,,Apollo 16,US,1972,95,512,544
Tool Extension,TRUE,,,Apollo 16,US,1972,96,513,545
"Tongs, 32 inch",TRUE,,,Apollo 16,US,1972,97,514,546
Gnomon  ,TRUE,,,Apollo 16,US,1972,98,515,547
Cosmic Ray Detector Package,TRUE,,,Apollo 16,US,1972,99,516,548
"Magnetometer, Lunar Portable",TRUE,,,Apollo 16,US,1972,100,517,549
Lunar Geology Exper. Tool Carrier (includes (h)),TRUE,,,Apollo 16,US,1972,101,518,550
"U V Camera, L.S.",TRUE,,,Apollo 16,US,1972,102,519,551
"Drill Assy., Apollo L.S.",TRUE,,,Apollo 16,US,1972,103,520,552
"Penetrometer Assy., Self Recording",TRUE,,,Apollo 16,US,1972,104,521,553
Accessory Holder Assy. (Penetrometer),TRUE,,,Apollo 16,US,1972,105,522,554
"Rake, Lunar Sampling",TRUE,,,Apollo 16,US,1972,106,523,555
"Bore Stem, Lower",TRUE,,,Apollo 16,US,1972,107,524,556
"Bore stem, Upper ",TRUE,,,Apollo 16,US,1972,108,525,557
"Bits, Solid Face Bore",TRUE,,,Apollo 16,US,1972,109,526,558
"Bit, Open Face Core ",TRUE,,,Apollo 16,US,1972,110,527,559
"Reducer, Core Bit ",TRUE,,,Apollo 16,US,1972,111,528,560
"Bag, Core Stem Teflon ",TRUE,,,Apollo 16,US,1972,112,529,561
"Bag, Core Stem Teflon ",TRUE,,,Apollo 16,US,1972,113,530,562
"Camera, 16mm Battery Operated",TRUE,,,Apollo 16,US,1972,114,531,563
"Lens, 10mm, 16mm Battery Operated Camera",TRUE,,,Apollo 16,US,1972,115,532,564
"Handle , 16mm Battery Operated Camera",TRUE,,,Apollo 16,US,1972,116,533,565
"Power Pack, 16mm Battery Operated Camera",TRUE,,,Apollo 16,US,1972,117,534,566
"RCU Bracket, 16mm Battery Operated Camera",TRUE,,,Apollo 16,US,1972,118,535,567
"(d) CTV camera, color TV",TRUE,,,Apollo 16,US,1972,119,536,568
(d) TCU (Television control unit),TRUE,,,Apollo 16,US,1972,120,537,569
"(d) stowage container, LCRU ancillary items",TRUE,,,Apollo 16,US,1972,121,538,570
"(e) Batteries, LCRU",TRUE,,,Apollo 16,US,1972,122,539,571
(e) Antenna assembly hi gain,TRUE,,,Apollo 16,US,1972,123,540,572
(e) Antenna assembly lo gain ,TRUE,,,Apollo 16,US,1972,124,541,573
"(f) Experiment, passive seismic",TRUE,,,Apollo 16,US,1972,125,542,574
"(f) Experiment, Active seismic",TRUE,,,Apollo 16,US,1972,126,543,575
"(f) Experiment, heat flow  ",TRUE,,,Apollo 16,US,1972,127,544,576
"(g) Stool, PSE leveling  ",TRUE,,,Apollo 16,US,1972,128,545,577
"(g) Generator, radioisotope, thermoelectric",TRUE,,,Apollo 16,US,1972,129,546,578
"(g) Tools, ALSEP deployment",TRUE,,,Apollo 16,US,1972,130,547,579
"(g) Anchor, ASE-cable  ",TRUE,,,Apollo 16,US,1972,131,548,580
"(f) Magnetometer, Lunar surface",TRUE,,,Apollo 16,US,1972,132,549,581
Large Base Assembly,TRUE,,,Apollo 16,US,1972,133,550,582
"Cone, .20",TRUE,,,Apollo 16,US,1972,134,551,583
"Cone Assembly, 1.0",TRUE,,,Apollo 16,US,1972,135,552,584
Cover Assembly  ,TRUE,,,Apollo 16,US,1972,136,553,585
"(a) Camera , 16mm, battery operated",TRUE,,,Apollo 16,US,1972,137,554,586
"(a) Lens, 10mm, 16mm battery operated camera",TRUE,,,Apollo 16,US,1972,138,555,587
"(a) Handle, 16mm battery operated camera",TRUE,,,Apollo 16,US,1972,139,556,588
"(a) Power pack, 16mm battery operated camera",TRUE,,,Apollo 16,US,1972,140,557,589
"(a) RCU bracket, 16mm battery operated camera",TRUE,,,Apollo 16,US,1972,141,558,590
(b) PLSS,TRUE,,,Apollo 16,US,1972,142,559,591
(b) EVCS-1,TRUE,,,Apollo 16,US,1972,143,560,592
"(b) Battery, PLSS",TRUE,,,Apollo 16,US,1972,144,561,593
"(b) Cartridge, LIOH",TRUE,,,Apollo 16,US,1972,145,562,594
"(b) Cover, Gas Connector",TRUE,,,Apollo 16,US,1972,146,563,595
"(b) Cover, MWC dust (multiple water connector)",TRUE,,,Apollo 16,US,1972,147,564,596
"(b) Cover, electrical connector, dust",TRUE,,,Apollo 16,US,1972,148,565,597
(c) PLSS,TRUE,,,Apollo 16,US,1972,149,566,598
(c) EVCS-2,TRUE,,,Apollo 16,US,1972,150,567,599
"(c) Battery, PLSS",TRUE,,,Apollo 16,US,1972,151,568,600
"(c) Cartridge, LIOH",TRUE,,,Apollo 16,US,1972,152,569,601
"(c) Cover, Gas Connector",TRUE,,,Apollo 16,US,1972,153,570,602
"(c) Cover, MWC dust (multiple water connector)",TRUE,,,Apollo 16,US,1972,154,571,603
"(c) Cover, electrical connector, dust",TRUE,,,Apollo 16,US,1972,155,572,604
"Cone, .5",TRUE,,,Apollo 16,US,1972,156,573,605
"Camera, L.S. Electric",TRUE,,,Apollo 16,US,1972,157,574,606
"Lens , 500mm",TRUE,,,Apollo 16,US,1972,158,575,607
Ringsight  ,TRUE,,,Apollo 16,US,1972,159,576,608
"Shelf, interim stowage",TRUE,,,Apollo 16,US,1972,160,577,609
"Garment, liquid cooling",TRUE,,,Apollo 16,US,1972,161,578,610
Remote control unit-PLSS,TRUE,,,Apollo 16,US,1972,162,579,611
"Bracket, camera mount (-7)",TRUE,,,Apollo 16,US,1972,163,580,612
Cartridge container  PLSS/LIOH,TRUE,,,Apollo 16,US,1972,164,581,613
"Container Assy., protective, PLSS/LIOH",TRUE,,,Apollo 16,US,1972,165,582,614
Container PLSS/LIOH,TRUE,,,Apollo 16,US,1972,166,583,615
"Battery, PLSS (-7)",TRUE,,,Apollo 16,US,1972,167,584,616
"Kit, Lec-waist tether",TRUE,,,Apollo 16,US,1972,168,585,617
"Bag Assy., Lec-waist ",TRUE,,,Apollo 16,US,1972,169,586,618
Lifeline (lightweight),TRUE,,,Apollo 16,US,1972,170,587,619
"Bag, deployment, lifeline",TRUE,,,Apollo 16,US,1972,171,588,620
"Tether, waist, EVA, left ",TRUE,,,Apollo 16,US,1972,172,589,621
"Tether, waist, EVA, right",TRUE,,,Apollo 16,US,1972,173,590,622
Straps  ,TRUE,,,Apollo 16,US,1972,174,591,623
"Lifeline, lunarnar equipment (LELL)",TRUE,,,Apollo 16,US,1972,175,592,624
"(h) Scoop, large adjustable",TRUE,,,Apollo 16,US,1972,176,593,625
(h) Hammer  ,TRUE,,,Apollo 16,US,1972,177,594,626
"(h) Tool Assy., drive tube",TRUE,,,Apollo 16,US,1972,178,595,627
Charles Duke family photograph,TRUE,,,Apollo 16,US,1972,179,596,628
Silver medallion for 25th anniversary of U.S. Air Force,TRUE,,,Apollo 16,US,1972,180,597,629
Tie tack,TRUE,,,Apollo 16,US,1972,181,598,630
Landing Location,TRUE,20.1,30.46,Apollo 17,US,1972,182,599,631
S-IVB,TRUE,-4.167,-12.33,Apollo 17,US,1972,183,600,632
Surface Electrical Properties Experiment Receiver-Recorder (see below),TRUE,,,Apollo 17,US,1972,184,601,633
Surface Electrical Properties Experiment Transmitter (see below),TRUE,,,Apollo 17,US,1972,185,602,634
Lunar Ejecta and Meteorite Experiment (see below),TRUE,,,Apollo 17,US,1972,186,603,635
Module & Cable Reels of Lunar Seismic Profiling Experiment (see below),TRUE,,,Apollo 17,US,1972,187,604,636
Lunar Seismic Profiling Experiment (see below),TRUE,,,Apollo 17,US,1972,188,605,637
Lunar Mass Spectrometer (see below),TRUE,,,Apollo 17,US,1972,189,606,638
Traverse Gravimeter Experiment (see below),TRUE,,,Apollo 17,US,1972,190,607,639
Lunar Surface Gravimeter (see below),TRUE,,,Apollo 17,US,1972,191,608,640
Radioisotope Thermal Generator (see below),TRUE,,,Apollo 17,US,1972,192,609,641
Lunar Roving Vehicle (see below),TRUE,,,Apollo 17,US,1972,193,610,642
Ascent Stage,TRUE,19.96,30.5,Apollo 17,US,1972,194,611,643
Central Station,TRUE,20.19209,30.76492,Apollo 17,US,1972,195,612,644
LM Descent Stage (plaque attached),TRUE,20.1908,30.77168,Apollo 17,US,1972,196,613,645
"Filter, Polarizing",TRUE,,,Apollo 17,US,1972,197,614,646
"Camera, Hasselblad-Electric, Data",TRUE,,,Apollo 17,US,1972,198,615,647
"Lens, 60mm",TRUE,,,Apollo 17,US,1972,199,616,648
"Adapter Bracet, Rt. Angle, (16mm DAO)",TRUE,,,Apollo 17,US,1972,200,617,649
"Protective cover, Reseau",TRUE,,,Apollo 17,US,1972,201,618,650
"Trigger, Hasselblad- Electric Data ",TRUE,,,Apollo 17,US,1972,202,619,651
"Handle, Hasselblad- Electric Data ",TRUE,,,Apollo 17,US,1972,203,620,652
Tether EVA Retractable,TRUE,,,Apollo 17,US,1972,204,621,653
"Brush, Lens",TRUE,,,Apollo 17,US,1972,205,622,654
"Camera, L.S. Electric",TRUE,,,Apollo 17,US,1972,206,623,655
"Lens, 500mm",TRUE,,,Apollo 17,US,1972,207,624,656
Ringsight  ,TRUE,,,Apollo 17,US,1972,208,625,657
"Shelf, Interim stowage",TRUE,,,Apollo 17,US,1972,209,626,658
Wrist Mirror,TRUE,,,Apollo 17,US,1972,210,627,659
Watchband ,TRUE,,,Apollo 17,US,1972,211,628,660
Remote Control unit- PLSS,TRUE,,,Apollo 17,US,1972,212,629,661
"Bracket, camera mount (-7)",TRUE,,,Apollo 17,US,1972,213,630,662
"Cartridge Cont. Assy., PLSS/LIOH",TRUE,,,Apollo 17,US,1972,214,631,663
"Container Assy., Protective- PLSS LIOH",TRUE,,,Apollo 17,US,1972,215,632,664
"Cartridge, PLSS LIOH",TRUE,,,Apollo 17,US,1972,216,633,665
"Utility Towel Assy., LM",TRUE,,,Apollo 17,US,1972,217,634,666
Defecation Collection Device,TRUE,,,Apollo 17,US,1972,218,635,667
"Gloves, EV Pair",TRUE,,,Apollo 17,US,1972,219,636,668
"Boots , Lunar pair",TRUE,,,Apollo 17,US,1972,220,637,669
"Kit, LEC waist tether (a)",TRUE,,,Apollo 17,US,1972,221,638,670
"Lift Line, Lunar equipment (LELL)",TRUE,,,Apollo 17,US,1972,222,639,671
PLSS/EVCS Assy.-LMP,TRUE,,,Apollo 17,US,1972,223,640,672
PLSS ,TRUE,,,Apollo 17,US,1972,224,641,673
EVCS-2,TRUE,,,Apollo 17,US,1972,225,642,674
"Battery, PLSS",TRUE,,,Apollo 17,US,1972,226,643,675
"Cartridge, LIOH",TRUE,,,Apollo 17,US,1972,227,644,676
"Cover, Gas connector",TRUE,,,Apollo 17,US,1972,228,645,677
"Cover, MWC Dust (Multiple Water Connector)",TRUE,,,Apollo 17,US,1972,229,646,678
"Cover, Electrical connector, Dust",TRUE,,,Apollo 17,US,1972,230,647,679
PLSS/EVCS Assy.- Cdr,TRUE,,,Apollo 17,US,1972,231,648,680
PLSS,TRUE,,,Apollo 17,US,1972,232,649,681
EVCS-1,TRUE,,,Apollo 17,US,1972,233,650,682
"Battery, PLSS",TRUE,,,Apollo 17,US,1972,234,651,683
"Cartridge, LIOH",TRUE,,,Apollo 17,US,1972,235,652,684
"Cover, Gas connector",TRUE,,,Apollo 17,US,1972,236,653,685
"Cover, MWC dust (Multiple Water Connector)",TRUE,,,Apollo 17,US,1972,237,654,686
"Cover, Electrical connector, Dust",TRUE,,,Apollo 17,US,1972,238,655,687
"Bag, Jettison stowage",TRUE,,,Apollo 17,US,1972,239,656,688
"Dispenser, Tissue",TRUE,,,Apollo 17,US,1972,240,657,689
LCG Adapter  ,TRUE,,,Apollo 17,US,1972,241,658,690
"Jacket assy., ICG",TRUE,,,Apollo 17,US,1972,242,659,691
"Trousear assy., ICG",TRUE,,,Apollo 17,US,1972,243,660,692
"Boot, right ICG",TRUE,,,Apollo 17,US,1972,244,661,693
"Boot, left ICG",TRUE,,,Apollo 17,US,1972,245,662,694
"Towels, LM, Utility (Red)",TRUE,,,Apollo 17,US,1972,246,663,695
"Towels, UK Utility (Blue) ",TRUE,,,Apollo 17,US,1972,247,664,696
"Brush, Lunar Dust",TRUE,,,Apollo 17,US,1972,248,665,697
"Device, In-suit, Drinking",TRUE,,,Apollo 17,US,1972,249,666,698
"Buddy, SLSS Assy.",TRUE,,,Apollo 17,US,1972,250,667,699
Sleeping Restraint Assy.,TRUE,,,Apollo 17,US,1972,251,668,700
"Tool Carrier, PLSS (Cdr) ",TRUE,,,Apollo 17,US,1972,252,669,701
"Tool Carrier, PLSS (LMP)",TRUE,,,Apollo 17,US,1972,253,670,702
LCRU Retainer,TRUE,,,Apollo 17,US,1972,254,671,703
Helpmet and LEVA interim stowage container assembly,TRUE,,,Apollo 17,US,1972,255,672,704
"Antenna Repair Kit, Ops",TRUE,,,Apollo 17,US,1972,256,673,705
"Lanyard, IV ITLSA Donning",TRUE,,,Apollo 17,US,1972,257,674,706
"Bag, LM Personal Hygiene Kit",TRUE,,,Apollo 17,US,1972,258,675,707
Nail Clippers,TRUE,,,Apollo 17,US,1972,259,676,708
Soap  ,TRUE,,,Apollo 17,US,1972,260,677,709
"Food Assy., LM (A/S)",TRUE,,,Apollo 17,US,1972,261,678,710
"Food Assy., LM (D/S Pallet No. 1)",TRUE,,,Apollo 17,US,1972,262,679,711
"Wet Wipes, Facial",TRUE,,,Apollo 17,US,1972,263,680,712
"Ointment, Mycolog Bact.",TRUE,,,Apollo 17,US,1972,264,681,713
GCTA-Ground controlled television assembly,TRUE,,,Apollo 17,US,1972,265,682,714
"CTV-Camera, color TV",TRUE,,,Apollo 17,US,1972,266,683,715
TCU-Television control unit,TRUE,,,Apollo 17,US,1972,267,684,716
"Stowage mount assy., TV camera",TRUE,,,Apollo 17,US,1972,268,685,717
Communication relay system,TRUE,,,Apollo 17,US,1972,269,686,718
"LCRU, (Lunar communications relay unit)",TRUE,,,Apollo 17,US,1972,270,687,719
Stowage container; LCRU ancillary items,TRUE,,,Apollo 17,US,1972,271,688,720
"Batteries, LCRU",TRUE,,,Apollo 17,US,1972,272,689,721
"Antenna Assy., Hi-gain",TRUE,,,Apollo 17,US,1972,273,690,722
"Antenna Assy., Lo-gain ",TRUE,,,Apollo 17,US,1972,274,691,723
Helper spring  TCU cradle,TRUE,,,Apollo 17,US,1972,275,692,724
Lunar Roving Vehicle,TRUE,,,Apollo 17,US,1972,276,693,725
"Flag kit, Lunar surface",TRUE,,,Apollo 17,US,1972,277,694,726
"Adapter assy., 20 DSBD 70mm Hasselblad",TRUE,,,Apollo 17,US,1972,278,695,727
"Staff Looaps sy., Lo-gain",TRUE,,,Apollo 17,US,1972,279,696,728
"Sun Shade, GCTA",TRUE,,,Apollo 17,US,1972,280,697,729
"Staff Assy., LRV accessory",TRUE,,,Apollo 17,US,1972,281,698,730
"Map holder adapter, loop assy.",TRUE,,,Apollo 17,US,1972,282,699,731
"Map holder, LRV",TRUE,,,Apollo 17,US,1972,283,700,732
"Loop Assy., adapter",TRUE,,,Apollo 17,US,1972,284,701,733
"Adapter, SRC/Ops ",TRUE,,,Apollo 17,US,1972,285,702,734
"Canisters, ECS LIOH",TRUE,,,Apollo 17,US,1972,286,703,735
Urine collection assy. (small),TRUE,,,Apollo 17,US,1972,287,704,736
"Bag, Emesis",TRUE,,,Apollo 17,US,1972,288,705,737
"Bag, Equipment transfer",TRUE,,,Apollo 17,US,1972,289,706,738
"Strap, ECS LIOH canister",TRUE,,,Apollo 17,US,1972,290,707,739
"Strap, LIOH",TRUE,,,Apollo 17,US,1972,291,708,740
Urine receptacle system,TRUE,,,Apollo 17,US,1972,292,709,741
"Pallet assy. No.1, Equipment transfer",TRUE,,,Apollo 17,US,1972,293,710,742
"Pallet assy. No.2, Equipment transfer",TRUE,,,Apollo 17,US,1972,294,711,743
"Pallet assy. No.4, Equipment transfer",TRUE,,,Apollo 17,US,1972,295,712,744
Hammock assembly ,TRUE,,,Apollo 17,US,1972,296,713,745
Hammock assembly ,TRUE,,,Apollo 17,US,1972,297,714,746
"Container Buddy SLSS assy., Stowage",TRUE,,,Apollo 17,US,1972,298,715,747
"Pallet, LRV aft chassis",TRUE,,,Apollo 17,US,1972,299,716,748
"Pallet, Quad 3- Payload",TRUE,,,Apollo 17,US,1972,300,717,749
"Webbing, Tie-down contingency",TRUE,,,Apollo 17,US,1972,301,718,750
"Vise device, Drill string",TRUE,,,Apollo 17,US,1972,302,719,751
"Bag, Stowage, 500mm system",TRUE,,,Apollo 17,US,1972,303,720,752
"Canister, ECS LIOH",TRUE,,,Apollo 17,US,1972,304,721,753
"Strap assy., Sleep restraint",TRUE,,,Apollo 17,US,1972,305,722,754
"Container, Bore/Core stem stowage",TRUE,,,Apollo 17,US,1972,306,723,755
"Cover, Bore/Core stem stowage",TRUE,,,Apollo 17,US,1972,307,724,756
"Retainer assy., Lower",TRUE,,,Apollo 17,US,1972,308,725,757
"Retainer assy., Upper ",TRUE,,,Apollo 17,US,1972,309,726,758
"Cover assy., Retainer",TRUE,,,Apollo 17,US,1972,310,727,759
Spacer (Core and Bore stem stowage) ,TRUE,,,Apollo 17,US,1972,311,728,760
Spacer (Core and Bore stem stowage) ,TRUE,,,Apollo 17,US,1972,312,729,761
"Stowage Retainer, GCTA sunshade",TRUE,,,Apollo 17,US,1972,313,730,762
"Stowage strap assy., GCTA sunshade",TRUE,,,Apollo 17,US,1972,314,731,763
"Bag, Neutron probe, Thermal",TRUE,,,Apollo 17,US,1972,315,732,764
"Mounting Assy., Rig. Fuel cask",TRUE,,,Apollo 17,US,1972,316,733,765
Fuel cask,TRUE,,,Apollo 17,US,1972,317,734,766
Fuel capsule assembly,TRUE,,,Apollo 17,US,1972,318,735,767
"Pallet assy., No. 1",TRUE,,,Apollo 17,US,1972,319,736,768
Lunar seimsmic profiling experiment (S-203),TRUE,,,Apollo 17,US,1972,320,737,769
Lunar mass spectrometer (S-205),TRUE,,,Apollo 17,US,1972,321,738,770
"Gravimeter, Lunar surface (S-207)",TRUE,,,Apollo 17,US,1972,322,739,771
"Pallet assy., No.2",TRUE,,,Apollo 17,US,1972,323,740,772
Heat flow experiment (S-037),TRUE,,,Apollo 17,US,1972,324,741,773
"Generator, Radioisotope thermoelectric",TRUE,,,Apollo 17,US,1972,325,742,774
"Tools, ALSEP deployment",TRUE,,,Apollo 17,US,1972,326,743,775
Lunar ejecta & micrometeoroid experim. (S-202),TRUE,,,Apollo 17,US,1972,327,744,776
Tool extension,TRUE,,,Apollo 17,US,1972,328,745,777
Tongs  ,TRUE,,,Apollo 17,US,1972,329,746,778
Gnomon,TRUE,,,Apollo 17,US,1972,330,747,779
"Scoop, large adjustable",TRUE,,,Apollo 17,US,1972,331,748,780
Hammer,TRUE,,,Apollo 17,US,1972,332,749,781
"Tool Assy., Drive tool",TRUE,,,Apollo 17,US,1972,333,750,782
"Transmitter, Sep. exp.",TRUE,,,Apollo 17,US,1972,334,751,783
"Receiver, Sep. exp.",TRUE,,,Apollo 17,US,1972,335,752,784
"Gravimeter, Traverse (S-199)",TRUE,,,Apollo 17,US,1972,336,753,785
"Drill assy., Apollo L.S.",TRUE,,,Apollo 17,US,1972,337,754,786
"Rake, Lunar sampling",TRUE,,,Apollo 17,US,1972,338,755,787
"Bore stem, Lower",TRUE,,,Apollo 17,US,1972,339,756,788
"Bore stem, Upper ",TRUE,,,Apollo 17,US,1972,340,757,789
"Transport module assy., (LLSSPP charges)",TRUE,,,Apollo 17,US,1972,341,758,790
"Transport module assy., (LLSSPP charges)",TRUE,,,Apollo 17,US,1972,342,759,791
"Bits, solid face bore",TRUE,,,Apollo 17,US,1972,343,760,792
"Reducer, core bit ",TRUE,,,Apollo 17,US,1972,344,761,793
"Sampler, LRV soil ",TRUE,,,Apollo 17,US,1972,345,762,794
"Bag, Core stem Teflon ",TRUE,,,Apollo 17,US,1972,346,763,795
"Bag, Core stem Teflon ",TRUE,,,Apollo 17,US,1972,347,764,796
Earplug and overwrap pouch assy.,TRUE,,,Apollo 17,US,1972,348,765,797
"Food assembly, (D/S Pallet No. 2)",TRUE,,,Apollo 17,US,1972,349,766,798
"Battery, PLSS (-7)",TRUE,,,Apollo 17,US,1972,350,767,799
"(a) Bag Assy., LEC+wt.",TRUE,,,Apollo 17,US,1972,351,768,800
"Garment, constant wear",TRUE,,,Apollo 17,US,1972,352,769,801
"Garment, liquid cooling",TRUE,,,Apollo 17,US,1972,353,770,802
Explorer 49 (RAE-B),FALSE,UNKNOWN,,Non-Apollo,US,1973,1,771,803
Lunar Prospector,FALSE,UNKNOWN,,Non-Apollo,US,1998,1,772,804
LCROSS Shepherding Spacecraft,FALSE,-84.72,-49.62,Non-Apollo,US,2009,1,773,805
LCROSS Centaur,FALSE,-84.9,-35.5,Non-Apollo,US,2009,2,774,806